_id,month,town,flat_type,block,street_name,storey_range,floor_area_sqm,flat_model,lease_commence_date,remaining_lease,resale_price,address,postal,latitude,longitude
69766,2020-04,ANG MO KIO,3 ROOM,331,ANG MO KIO AVE 1,01 TO 03,68,New Generation,1981,59 years 11 months,272000,331 ANG MO KIO AVE 1,560331,1.36211140145298,103.85076647513
69767,2020-04,ANG MO KIO,3 ROOM,473,ANG MO KIO AVE 10,04 TO 06,67,New Generation,1984,63 years 04 months,290000,473 ANG MO KIO AVE 10,560473,1.36305380914637,103.856846002568
69768,2020-04,ANG MO KIO,3 ROOM,448,ANG MO KIO AVE 10,01 TO 03,68,New Generation,1979,58 years 04 months,228000,448 ANG MO KIO AVE 10,560448,1.3674419012314,103.856396604517
69769,2020-04,ANG MO KIO,3 ROOM,570,ANG MO KIO AVE 3,04 TO 06,67,New Generation,1979,58 years 02 months,300000,570 ANG MO KIO AVE 3,560570,1.3697435855576,103.856023138277
69770,2020-04,ANG MO KIO,3 ROOM,122,ANG MO KIO AVE 3,07 TO 09,67,New Generation,1978,57 years 07 months,268000,122 ANG MO KIO AVE 3,560122,1.37018860668947,103.843413231524
69771,2020-04,ANG MO KIO,3 ROOM,329,ANG MO KIO AVE 3,07 TO 09,73,New Generation,1978,56 years 09 months,323000,329 ANG MO KIO AVE 3,560329,1.36659908629034,103.846874419073
69772,2020-04,ANG MO KIO,3 ROOM,624,ANG MO KIO AVE 4,10 TO 12,82,New Generation,1980,59 years 06 months,350000,624 ANG MO KIO AVE 4,560624,1.38156171229824,103.84000226873
69773,2020-04,ANG MO KIO,3 ROOM,178,ANG MO KIO AVE 4,10 TO 12,68,New Generation,1981,60 years,258000,178 ANG MO KIO AVE 4,560178,1.37619319942083,103.837038191014
69774,2020-04,ANG MO KIO,3 ROOM,503,ANG MO KIO AVE 5,07 TO 09,68,New Generation,1981,59 years 10 months,258000,503 ANG MO KIO AVE 5,560503,1.37546163119278,103.848942047568
69775,2020-04,ANG MO KIO,4 ROOM,472,ANG MO KIO AVE 10,10 TO 12,92,New Generation,1979,58 years 03 months,370000,472 ANG MO KIO AVE 10,560472,1.36314392666998,103.858118593427
69776,2020-04,ANG MO KIO,4 ROOM,700A,ANG MO KIO AVE 6,19 TO 21,91,Model A,2003,82 years 06 months,668000,700A ANG MO KIO AVE 6,561700,1.36997128892861,103.846076487359
69777,2020-04,ANG MO KIO,4 ROOM,350,ANG MO KIO ST 32,10 TO 12,90,Model A,2001,80 years 09 months,572000,350 ANG MO KIO ST 32,560350,1.36371311763063,103.850044231877
69778,2020-04,ANG MO KIO,5 ROOM,402,ANG MO KIO AVE 10,10 TO 12,119,Improved,1979,58 years 01 month,525000,402 ANG MO KIO AVE 10,560402,1.36147707782617,103.855300420198
69779,2020-04,ANG MO KIO,5 ROOM,311,ANG MO KIO AVE 3,01 TO 03,123,Improved,1978,56 years 10 months,488000,311 ANG MO KIO AVE 3,560311,1.36663973560866,103.848769708749
69780,2020-04,ANG MO KIO,5 ROOM,648,ANG MO KIO AVE 5,01 TO 03,121,Improved,1980,59 years 08 months,485000,648 ANG MO KIO AVE 5,560648,1.37823859353841,103.843719728887
69781,2020-04,ANG MO KIO,5 ROOM,588B,ANG MO KIO ST 52,19 TO 21,112,DBSS,2011,90 years 04 months,815000,588B ANG MO KIO ST 52,562588,1.37197571261128,103.853150894936
69782,2020-04,ANG MO KIO,5 ROOM,588C,ANG MO KIO ST 52,25 TO 27,112,DBSS,2011,90 years 04 months,875000,588C ANG MO KIO ST 52,563588,1.37183157010083,103.853670978083
69783,2020-04,BEDOK,3 ROOM,520,BEDOK NTH AVE 1,01 TO 03,82,New Generation,1979,58 years 04 months,315000,520 BEDOK NTH AVE 1,460520,1.33046461779259,103.92813426172
69784,2020-04,BEDOK,3 ROOM,521,BEDOK NTH AVE 1,04 TO 06,67,New Generation,1979,58 years 04 months,265000,521 BEDOK NTH AVE 1,460521,1.33025307073546,103.927058345096
69785,2020-04,BEDOK,3 ROOM,76,BEDOK NTH RD,10 TO 12,70,Improved,1978,56 years 10 months,280000,76 BEDOK NTH RD,460076,1.3282966654865,103.942067527916
69786,2020-04,BEDOK,3 ROOM,201,BEDOK NTH ST 1,01 TO 03,73,New Generation,1979,58 years 04 months,310000,201 BEDOK NTH ST 1,460201,1.3260876838722,103.928232502969
69787,2020-04,BEDOK,3 ROOM,122,BEDOK NTH ST 2,07 TO 09,67,New Generation,1978,56 years 11 months,277000,122 BEDOK NTH ST 2,460122,1.32861719819893,103.937787149387
69788,2020-04,BEDOK,3 ROOM,534,BEDOK NTH ST 3,07 TO 09,60,Improved,1986,64 years 11 months,240000,534 BEDOK NTH ST 3,460534,1.33303698213001,103.924812248346
69789,2020-04,BEDOK,3 ROOM,542,BEDOK NTH ST 3,10 TO 12,67,New Generation,1985,64 years 06 months,243000,542 BEDOK NTH ST 3,460542,1.33066590908483,103.922843972485
69790,2020-04,BEDOK,3 ROOM,616,BEDOK RESERVOIR RD,01 TO 03,68,New Generation,1982,61 years 02 months,260000,616 BEDOK RESERVOIR RD,470616,1.33182713238417,103.914991045591
69791,2020-04,BEDOK,3 ROOM,126,BEDOK RESERVOIR RD,01 TO 03,70,Simplified,1987,66 years 01 month,310000,126 BEDOK RESERVOIR RD,470126,1.3327387082677,103.910911917656
69792,2020-04,BEDOK,3 ROOM,18,BEDOK STH RD,13 TO 15,73,Improved,1976,54 years 09 months,300000,18 BEDOK STH RD,460018,1.32062504871279,103.934734222428
69793,2020-04,BEDOK,3 ROOM,50,CHAI CHEE ST,07 TO 09,68,New Generation,1981,60 years 04 months,240100,50 CHAI CHEE ST,461050,1.32930431416537,103.922415807329
69794,2020-04,BEDOK,3 ROOM,50,CHAI CHEE ST,07 TO 09,68,New Generation,1981,60 years 03 months,266000,50 CHAI CHEE ST,461050,1.32930431416537,103.922415807329
69795,2020-04,BEDOK,4 ROOM,131,BEDOK NTH AVE 3,07 TO 09,92,New Generation,1978,57 years 01 month,420000,131 BEDOK NTH AVE 3,460131,1.3269699402053,103.93585007622
69796,2020-04,BEDOK,4 ROOM,95,BEDOK NTH AVE 4,01 TO 03,92,New Generation,1979,58 years 02 months,335000,95 BEDOK NTH AVE 4,460095,1.33386999449984,103.94205674836
69797,2020-04,BEDOK,4 ROOM,132,BEDOK NTH ST 2,07 TO 09,92,New Generation,1978,57 years 01 month,440000,132 BEDOK NTH ST 2,460132,1.32775288998395,103.936709340476
69798,2020-04,BEDOK,4 ROOM,622,BEDOK RESERVOIR RD,04 TO 06,91,New Generation,1981,60 years,400000,622 BEDOK RESERVOIR RD,470622,1.3340607503551,103.916898741089
69799,2020-04,BEDOK,5 ROOM,414,BEDOK NTH AVE 2,10 TO 12,119,Improved,1978,57 years 08 months,578000,414 BEDOK NTH AVE 2,460414,1.33004344242587,103.929931844469
69800,2020-04,BEDOK,5 ROOM,601,BEDOK RESERVOIR RD,04 TO 06,121,Improved,1982,61 years 02 months,470000,601 BEDOK RESERVOIR RD,470601,1.33006721315152,103.911619264196
69801,2020-04,BEDOK,EXECUTIVE,721,BEDOK RESERVOIR RD,13 TO 15,148,Maisonette,1984,62 years 09 months,780000,721 BEDOK RESERVOIR RD,470721,1.33629244771801,103.926101654356
69802,2020-04,BISHAN,3 ROOM,407,SIN MING AVE,10 TO 12,64,Simplified,1986,65 years 05 months,380000,407 SIN MING AVE,570407,1.36345320627772,103.834214627275
69803,2020-04,BISHAN,4 ROOM,225,BISHAN ST 23,10 TO 12,103,Model A,1992,71 years 04 months,595000,225 BISHAN ST 23,570225,1.35856894793066,103.847594239245
69804,2020-04,BISHAN,4 ROOM,223,BISHAN ST 23,07 TO 09,103,Model A,1992,71 years 04 months,520000,223 BISHAN ST 23,570223,1.35844205362798,103.848263884941
69805,2020-04,BISHAN,4 ROOM,273B,BISHAN ST 24,10 TO 12,95,DBSS,2011,90 years 05 months,808000,273B BISHAN ST 24,572273,1.35607299328811,103.843470177697
69806,2020-04,BISHAN,5 ROOM,156,BISHAN ST 13,13 TO 15,121,Improved,1988,67 years 06 months,670000,156 BISHAN ST 13,570156,1.34532332600273,103.856581140233
69807,2020-04,BISHAN,5 ROOM,194,BISHAN ST 13,07 TO 09,121,Improved,1987,66 years 02 months,770000,194 BISHAN ST 13,570194,1.34829912335443,103.851419417474
69808,2020-04,BISHAN,EXECUTIVE,186,BISHAN ST 13,10 TO 12,146,Maisonette,1987,66 years 05 months,925000,186 BISHAN ST 13,570186,1.34934558612857,103.852578831668
69809,2020-04,BUKIT BATOK,3 ROOM,230,BT BATOK EAST AVE 3,04 TO 06,67,New Generation,1985,64 years 07 months,255000,230 BT BATOK EAST AVE 3,650230,1.34771540923723,103.754994802909
69810,2020-04,BUKIT BATOK,3 ROOM,269,BT BATOK EAST AVE 4,01 TO 03,70,Simplified,1986,65 years 06 months,270000,269 BT BATOK EAST AVE 4,650269,1.3487578841922,103.759451695253
69811,2020-04,BUKIT BATOK,3 ROOM,237,BT BATOK EAST AVE 5,04 TO 06,69,New Generation,1985,64 years 04 months,250000,237 BT BATOK EAST AVE 5,650237,1.34949080174397,103.755305492466
69812,2020-04,BUKIT BATOK,3 ROOM,534,BT BATOK ST 51,07 TO 09,69,Improved,1987,66 years 03 months,280000,534 BT BATOK ST 51,650534,1.35590698154634,103.750411621456
69813,2020-04,BUKIT BATOK,3 ROOM,533,BT BATOK ST 51,10 TO 12,69,Improved,1988,66 years 11 months,278000,533 BT BATOK ST 51,650533,1.35587908699049,103.749799126312
69814,2020-04,BUKIT BATOK,4 ROOM,253,BT BATOK EAST AVE 5,04 TO 06,91,New Generation,1985,64 years 01 month,325000,253 BT BATOK EAST AVE 5,650253,1.35010450670987,103.757619204603
69815,2020-04,BUKIT BATOK,4 ROOM,367,BT BATOK ST 31,04 TO 06,99,New Generation,1987,66 years 04 months,360000,367 BT BATOK ST 31,650367,1.36033274170697,103.749691516072
69816,2020-04,BUKIT BATOK,4 ROOM,329,BT BATOK ST 33,04 TO 06,103,Model A,1986,65 years 09 months,316000,329 BT BATOK ST 33,650329,1.36312633682463,103.747418527269
69817,2020-04,BUKIT BATOK,4 ROOM,112,BT BATOK WEST AVE 6,04 TO 06,106,Model A,1984,63 years 07 months,339000,112 BT BATOK WEST AVE 6,650112,1.34817353357762,103.745025213312
69818,2020-04,BUKIT BATOK,4 ROOM,101,BT BATOK WEST AVE 6,01 TO 03,104,Model A,1985,64 years 03 months,365000,101 BT BATOK WEST AVE 6,650101,1.34670636093149,103.746920663038
69819,2020-04,BUKIT BATOK,4 ROOM,118,BT BATOK WEST AVE 6,04 TO 06,103,Model A,1984,63 years 04 months,320000,118 BT BATOK WEST AVE 6,650118,1.35000951618749,103.746499580095
69820,2020-04,BUKIT BATOK,5 ROOM,642,BT BATOK CTRL,04 TO 06,121,Improved,1989,68 years 04 months,545000,642 BT BATOK CTRL,650642,1.34900647948549,103.751706683374
69821,2020-04,BUKIT BATOK,5 ROOM,291D,BT BATOK ST 24,10 TO 12,121,Improved,1998,76 years 11 months,500000,291D BT BATOK ST 24,653291,1.34351790618134,103.755391787516
69822,2020-04,BUKIT BATOK,5 ROOM,192,BT BATOK WEST AVE 6,13 TO 15,118,Improved,1997,76 years,548000,192 BT BATOK WEST AVE 6,650192,1.34559235229949,103.744789363152
69823,2020-04,BUKIT BATOK,EXECUTIVE,526,BT BATOK ST 51,04 TO 06,146,Maisonette,1986,65 years 04 months,575000,526 BT BATOK ST 51,650526,1.3571882058688,103.751123943023
69824,2020-04,BUKIT MERAH,3 ROOM,128,BT MERAH VIEW,07 TO 09,65,Improved,1973,52 years 04 months,300000,128 BT MERAH VIEW,150128,1.28264675199072,103.823327111496
69825,2020-04,BUKIT MERAH,3 ROOM,12,TAMAN HO SWEE,07 TO 09,54,Standard,1970,48 years 10 months,267000,12 TAMAN HO SWEE,162012,1.28780753147299,103.832780576669
69826,2020-04,BUKIT MERAH,4 ROOM,103B,DEPOT RD,01 TO 03,100,Model A,2002,81 years 02 months,500000,103B DEPOT RD,102103,1.28073692384594,103.813135678562
69827,2020-04,BUKIT MERAH,4 ROOM,21,JLN MEMBINA,13 TO 15,90,Model A,2003,82 years 06 months,735000,21 JLN MEMBINA,163021,1.28508656289053,103.825782815048
69828,2020-04,BUKIT MERAH,4 ROOM,88,REDHILL CL,13 TO 15,113,Model A,1995,73 years 09 months,802000,88 REDHILL CL,150088,1.28584081223944,103.818596280876
69829,2020-04,BUKIT MERAH,4 ROOM,17A,TELOK BLANGAH CRES,25 TO 27,99,Model A,2002,80 years 09 months,650000,17A TELOK BLANGAH CRES,091017,1.27738260692574,103.821603980031
69830,2020-04,BUKIT MERAH,5 ROOM,63B,LENGKOK BAHRU,04 TO 06,120,Improved,2001,80 years 08 months,798000,63B LENGKOK BAHRU,152063,1.28907506834277,103.815318433481
69831,2020-04,BUKIT MERAH,5 ROOM,39,TELOK BLANGAH RISE,04 TO 06,117,Standard,1976,55 years 05 months,570000,39 TELOK BLANGAH RISE,090039,1.27174724526041,103.822508329222
69832,2020-04,BUKIT PANJANG,3 ROOM,252,BANGKIT RD,04 TO 06,73,Model A,1989,68 years 02 months,271888,252 BANGKIT RD,670252,1.37995342761393,103.774058372456
69833,2020-04,BUKIT PANJANG,3 ROOM,454,FAJAR RD,01 TO 03,68,Model A,2015,94 years 09 months,305000,454 FAJAR RD,670454,1.38450243119902,103.771537431563
69834,2020-04,BUKIT PANJANG,3 ROOM,548B,SEGAR RD,10 TO 12,67,Model A,2015,94 years 09 months,308000,548B SEGAR RD,672548,1.38942073606675,103.768573656612
69835,2020-04,BUKIT PANJANG,4 ROOM,420,FAJAR RD,07 TO 09,104,Model A,1989,68 years 03 months,350000,420 FAJAR RD,670420,1.3846500073791,103.76951726565
69836,2020-04,BUKIT PANJANG,4 ROOM,460,SEGAR RD,10 TO 12,93,Premium Apartment,2015,94 years 05 months,445000,460 SEGAR RD,670460,1.38725146572543,103.772083507035
69837,2020-04,BUKIT PANJANG,4 ROOM,546B,SEGAR RD,01 TO 03,92,Model A,2015,94 years 04 months,375000,546B SEGAR RD,672546,1.38879453668982,103.769891778175
69838,2020-04,BUKIT PANJANG,4 ROOM,487,SEGAR RD,10 TO 12,93,Model A,2014,93 years 09 months,383000,487 SEGAR RD,670487,1.38917306201936,103.771106197699
69839,2020-04,BUKIT PANJANG,4 ROOM,466,SEGAR RD,13 TO 15,90,Premium Apartment,2002,81 years 01 month,352000,466 SEGAR RD,670466,1.38694295549199,103.773299109481
69840,2020-04,BUKIT PANJANG,4 ROOM,548B,SEGAR RD,07 TO 09,92,Model A,2015,94 years 09 months,419000,548B SEGAR RD,672548,1.38942073606675,103.768573656612
69841,2020-04,BUKIT PANJANG,4 ROOM,633C,SENJA RD,31 TO 33,93,Model A,2013,92 years 09 months,500000,633C SENJA RD,673633,1.38473473131824,103.759217747785
69842,2020-04,BUKIT PANJANG,4 ROOM,636B,SENJA RD,07 TO 09,92,Model A,2015,94 years 08 months,435000,636B SENJA RD,672636,1.38762470759976,103.758331445094
69843,2020-04,BUKIT PANJANG,4 ROOM,635B,SENJA RD,10 TO 12,93,Model A,2015,94 years 07 months,450000,635B SENJA RD,672635,1.38660275237577,103.757710467868
69844,2020-04,BUKIT PANJANG,4 ROOM,635B,SENJA RD,04 TO 06,92,Model A,2015,94 years 07 months,412000,635B SENJA RD,672635,1.38660275237577,103.757710467868
69845,2020-04,BUKIT PANJANG,5 ROOM,609,BT PANJANG RING RD,13 TO 15,111,Improved,2001,80 years 09 months,495000,609 BT PANJANG RING RD,670609,1.38285734125021,103.762010135941
69846,2020-04,BUKIT PANJANG,5 ROOM,541,BT PANJANG RING RD,01 TO 03,120,Improved,1999,78 years 03 months,425000,541 BT PANJANG RING RD,670541,1.38245153775755,103.763479158
69847,2020-04,BUKIT PANJANG,5 ROOM,140,PETIR RD,01 TO 03,122,Improved,1988,67 years 07 months,455000,140 PETIR RD,670140,1.37550299063609,103.768952438105
69848,2020-04,BUKIT PANJANG,5 ROOM,546C,SEGAR RD,04 TO 06,112,Improved,2015,94 years 04 months,480000,546C SEGAR RD,673546,1.38899257137165,103.769500699103
69849,2020-04,BUKIT PANJANG,5 ROOM,546C,SEGAR RD,04 TO 06,112,Improved,2015,94 years 04 months,526000,546C SEGAR RD,673546,1.38899257137165,103.769500699103
69850,2020-04,BUKIT PANJANG,5 ROOM,653,SENJA LINK,04 TO 06,110,Premium Apartment,2001,80 years 05 months,460000,653 SENJA LINK,670653,1.38692590741026,103.763946218351
69851,2020-04,BUKIT PANJANG,5 ROOM,626,SENJA RD,25 TO 27,110,Premium Apartment,2005,84 years,538000,626 SENJA RD,670626,1.38547480834709,103.759880549321
69852,2020-04,BUKIT PANJANG,5 ROOM,630,SENJA RD,28 TO 30,110,Premium Apartment,2004,83 years 07 months,502000,630 SENJA RD,670630,1.38668548319749,103.759758915377
69853,2020-04,BUKIT PANJANG,5 ROOM,635A,SENJA RD,01 TO 03,112,Improved,2015,94 years 06 months,503000,635A SENJA RD,671635,1.38656225824527,103.757208072494
69854,2020-04,BUKIT PANJANG,EXECUTIVE,426,FAJAR RD,01 TO 03,145,Maisonette,1989,68 years,560000,426 FAJAR RD,670426,1.3862212525698,103.769484069418
69855,2020-04,BUKIT TIMAH,3 ROOM,3,QUEEN'S RD,07 TO 09,76,Improved,1974,53 years 01 month,400000,3 QUEEN'S RD,266734,1.32287761525628,103.811647694363
69856,2020-04,BUKIT TIMAH,EXECUTIVE,8,TOH YI DR,01 TO 03,146,Maisonette,1989,68 years 01 month,970000,8 TOH YI DR,590008,1.33796491184368,103.774015746707
69857,2020-04,CHOA CHU KANG,3 ROOM,490B,CHOA CHU KANG AVE 5,04 TO 06,68,Model A,2016,95 years 02 months,325000,490B CHOA CHU KANG AVE 5,682490,1.37562311961725,103.741340715793
69858,2020-04,CHOA CHU KANG,3 ROOM,571,CHOA CHU KANG ST 52,10 TO 12,67,Model A,2015,93 years 10 months,301000,571 CHOA CHU KANG ST 52,680571,1.39395095192101,103.744927626518
69859,2020-04,CHOA CHU KANG,4 ROOM,487C,CHOA CHU KANG AVE 5,07 TO 09,93,Model A,2016,95 years 03 months,390000,487C CHOA CHU KANG AVE 5,683487,1.37651280702577,103.739137682367
69860,2020-04,CHOA CHU KANG,4 ROOM,487B,CHOA CHU KANG AVE 5,13 TO 15,93,Model A,2016,95 years 03 months,425000,487B CHOA CHU KANG AVE 5,682487,1.37635512444695,103.738360161731
69861,2020-04,CHOA CHU KANG,4 ROOM,487B,CHOA CHU KANG AVE 5,13 TO 15,93,Model A,2016,95 years 03 months,425000,487B CHOA CHU KANG AVE 5,682487,1.37635512444695,103.738360161731
69862,2020-04,CHOA CHU KANG,4 ROOM,686C,CHOA CHU KANG CRES,16 TO 18,85,Model A2,2002,81 years 07 months,330000,686C CHOA CHU KANG CRES,683686,1.40468369607815,103.74900201661
69863,2020-04,CHOA CHU KANG,4 ROOM,683C,CHOA CHU KANG CRES,07 TO 09,90,Model A,2002,81 years 05 months,335000,683C CHOA CHU KANG CRES,683683,1.40467861884756,103.746314893319
69864,2020-04,CHOA CHU KANG,4 ROOM,354,CHOA CHU KANG CTRL,04 TO 06,106,Model A,1993,72 years 03 months,388000,354 CHOA CHU KANG CTRL,680354,1.38264543801157,103.743561079684
69865,2020-04,CHOA CHU KANG,5 ROOM,489D,CHOA CHU KANG AVE 5,10 TO 12,113,Improved,2016,95 years 03 months,485000,489D CHOA CHU KANG AVE 5,684489,1.3758879374176,103.740225214266
69866,2020-04,CHOA CHU KANG,5 ROOM,490D,CHOA CHU KANG AVE 5,04 TO 06,113,Improved,2016,95 years 03 months,460000,490D CHOA CHU KANG AVE 5,684490,1.37602869228672,103.741368197927
69867,2020-04,CHOA CHU KANG,5 ROOM,671,CHOA CHU KANG CRES,04 TO 06,124,Premium Apartment,2000,78 years 10 months,410000,671 CHOA CHU KANG CRES,680671,1.4025550181861,103.748021726542
69868,2020-04,CHOA CHU KANG,5 ROOM,607,CHOA CHU KANG ST 62,04 TO 06,132,Model A,1996,75 years 01 month,460000,607 CHOA CHU KANG ST 62,680607,1.39901658579842,103.744182210841
69869,2020-04,CHOA CHU KANG,5 ROOM,641,CHOA CHU KANG ST 64,13 TO 15,123,Premium Apartment,1998,76 years 10 months,590000,641 CHOA CHU KANG ST 64,680641,1.39830454666217,103.749817817326
69870,2020-04,CHOA CHU KANG,5 ROOM,116,TECK WHYE LANE,01 TO 03,121,Improved,1988,67 years 09 months,365000,116 TECK WHYE LANE,680116,1.37898192310747,103.751779491677
69871,2020-04,CHOA CHU KANG,EXECUTIVE,287,CHOA CHU KANG AVE 2,01 TO 03,146,Maisonette,1990,69 years 05 months,510000,287 CHOA CHU KANG AVE 2,680287,1.3785215910742,103.741685629222
69872,2020-04,CHOA CHU KANG,EXECUTIVE,756,CHOA CHU KANG NTH 5,01 TO 03,146,Apartment,1995,74 years 04 months,480000,756 CHOA CHU KANG NTH 5,680756,1.39248775672758,103.745678714678
69873,2020-04,CLEMENTI,3 ROOM,362,CLEMENTI AVE 2,10 TO 12,67,New Generation,1978,56 years 09 months,365000,362 CLEMENTI AVE 2,120362,1.31271692776983,103.769902553813
69874,2020-04,CLEMENTI,3 ROOM,311B,CLEMENTI AVE 4,07 TO 09,60,DBSS,2014,93 years 09 months,460000,311B CLEMENTI AVE 4,122311,1.31944669077178,103.765649446368
69875,2020-04,CLEMENTI,3 ROOM,379,CLEMENTI AVE 5,04 TO 06,67,New Generation,1980,59 years 06 months,295000,379 CLEMENTI AVE 5,120379,1.31797801720797,103.767831518404
69876,2020-04,CLEMENTI,4 ROOM,460,CLEMENTI AVE 3,22 TO 24,90,Model A,2002,81 years 09 months,735000,460 CLEMENTI AVE 3,120460,1.31115141655133,103.766935151813
69877,2020-04,CLEMENTI,4 ROOM,324,CLEMENTI AVE 5,04 TO 06,91,New Generation,1978,56 years 10 months,450000,324 CLEMENTI AVE 5,120324,1.31513509080723,103.766054474051
69878,2020-04,CLEMENTI,4 ROOM,707,CLEMENTI WEST ST 2,10 TO 12,92,New Generation,1980,59 years 04 months,415000,707 CLEMENTI WEST ST 2,120707,1.30628748271347,103.762394965532
69879,2020-04,CLEMENTI,5 ROOM,425,CLEMENTI AVE 1,07 TO 09,121,Improved,2013,92 years 06 months,825000,425 CLEMENTI AVE 1,120425,1.30962652347548,103.771123130536
69880,2020-04,CLEMENTI,EXECUTIVE,111,CLEMENTI ST 13,04 TO 06,147,Maisonette,1985,63 years 10 months,717500,111 CLEMENTI ST 13,120111,1.32321605375506,103.771126100117
69881,2020-04,GEYLANG,3 ROOM,67,CIRCUIT RD,07 TO 09,61,Standard,1969,47 years 10 months,213000,67 CIRCUIT RD,370067,1.32584857614009,103.887926514332
69882,2020-04,GEYLANG,3 ROOM,45,CIRCUIT RD,10 TO 12,52,Standard,1971,49 years 10 months,202000,45 CIRCUIT RD,370045,1.32638789366841,103.886077337454
69883,2020-04,GEYLANG,3 ROOM,62,CIRCUIT RD,01 TO 03,67,Standard,1967,45 years 10 months,245000,62 CIRCUIT RD,370062,1.326222259788,103.887117045252
69884,2020-04,GEYLANG,3 ROOM,43,CIRCUIT RD,07 TO 09,52,Standard,1971,49 years 10 months,215000,43 CIRCUIT RD,370043,1.32648228290473,103.885544901533
69885,2020-04,GEYLANG,3 ROOM,21,EUNOS CRES,04 TO 06,66,Improved,1982,60 years 11 months,220500,21 EUNOS CRES,400021,1.32503135532498,103.903282423724
69886,2020-04,GEYLANG,3 ROOM,4,HAIG RD,10 TO 12,65,Improved,1976,55 years 04 months,308000,4 HAIG RD,430004,1.31210124370815,103.897187082666
69887,2020-04,GEYLANG,5 ROOM,123,PAYA LEBAR WAY,04 TO 06,118,Improved,1980,59 years 05 months,588000,123 PAYA LEBAR WAY,381123,1.32275605425694,103.88323521219
69888,2020-04,GEYLANG,EXECUTIVE,131,GEYLANG EAST AVE 1,01 TO 03,146,Maisonette,1987,66 years 01 month,733000,131 GEYLANG EAST AVE 1,380131,1.31675861430335,103.886811248047
69889,2020-04,HOUGANG,3 ROOM,20,HOUGANG AVE 3,04 TO 06,88,New Generation,1978,57 years 02 months,325000,20 HOUGANG AVE 3,530020,1.36383191186374,103.890737667635
69890,2020-04,HOUGANG,3 ROOM,244,HOUGANG ST 22,01 TO 03,72,New Generation,1984,63 years 06 months,290888,244 HOUGANG ST 22,530244,1.35807253232842,103.891946844004
69891,2020-04,HOUGANG,3 ROOM,689,HOUGANG ST 61,07 TO 09,74,Model A,1987,66 years 04 months,288000,689 HOUGANG ST 61,530689,1.3764920735414,103.885771949604
69892,2020-04,HOUGANG,3 ROOM,475A,UPP SERANGOON CRES,10 TO 12,67,DBSS,2014,93 years 07 months,470000,475A UPP SERANGOON CRES,531475,1.37629840280721,103.900220786851
69893,2020-04,HOUGANG,4 ROOM,415,HOUGANG AVE 10,07 TO 09,93,New Generation,1985,64 years 06 months,370116,415 HOUGANG AVE 10,530415,1.37517507468581,103.896537715818
69894,2020-04,HOUGANG,4 ROOM,711,HOUGANG AVE 2,01 TO 03,93,New Generation,1986,65 years 03 months,320000,711 HOUGANG AVE 2,530711,1.36633863241362,103.887775178341
69895,2020-04,HOUGANG,4 ROOM,434,HOUGANG AVE 8,01 TO 03,105,Model A,1989,68 years 03 months,359000,434 HOUGANG AVE 8,530434,1.37647221623833,103.893822106133
69896,2020-04,HOUGANG,4 ROOM,242,HOUGANG ST 22,10 TO 12,99,New Generation,1984,63 years 07 months,385000,242 HOUGANG ST 22,530242,1.35738897663765,103.892167860466
69897,2020-04,HOUGANG,4 ROOM,556,HOUGANG ST 51,04 TO 06,103,Model A,1992,71 years 06 months,355000,556 HOUGANG ST 51,530556,1.3797347301581,103.890205700216
69898,2020-04,HOUGANG,4 ROOM,548,HOUGANG ST 51,07 TO 09,103,Model A,1992,71 years 06 months,362000,548 HOUGANG ST 51,530548,1.37955905829566,103.891414156096
69899,2020-04,HOUGANG,4 ROOM,130,LOR AH SOO,04 TO 06,103,Model A,1984,62 years 11 months,393000,130 LOR AH SOO,530130,1.35128004840606,103.886489897616
69900,2020-04,HOUGANG,4 ROOM,471A,UPP SERANGOON CRES,07 TO 09,92,Model A,2015,94 years 02 months,458000,471A UPP SERANGOON CRES,531471,1.37814544014756,103.901767342056
69901,2020-04,HOUGANG,4 ROOM,476B,UPP SERANGOON VIEW,16 TO 18,92,Premium Apartment,2016,95 years,530000,476B UPP SERANGOON VIEW,532476,1.37732845210704,103.904212191193
69902,2020-04,HOUGANG,5 ROOM,981C,BUANGKOK CRES,01 TO 03,110,Improved,2003,82 years 03 months,390000,981C BUANGKOK CRES,533981,1.38044801592325,103.879579342737
69903,2020-04,HOUGANG,5 ROOM,984D,BUANGKOK LINK,13 TO 15,110,Improved,2004,83 years 02 months,425000,984D BUANGKOK LINK,537984,1.38237375846968,103.880954583346
69904,2020-04,HOUGANG,5 ROOM,302,HOUGANG AVE 5,04 TO 06,134,Model A,1983,62 years 07 months,490000,302 HOUGANG AVE 5,530302,1.36851824459992,103.894583868849
69905,2020-04,HOUGANG,5 ROOM,616,HOUGANG AVE 8,10 TO 12,121,Improved,1986,65 years 04 months,464888,616 HOUGANG AVE 8,530616,1.36888651247082,103.883561152084
69906,2020-04,HOUGANG,5 ROOM,569,HOUGANG ST 51,01 TO 03,118,Improved,1997,76 years 02 months,433000,569 HOUGANG ST 51,530569,1.37744576455109,103.88817797946
69907,2020-04,HOUGANG,5 ROOM,925,HOUGANG ST 91,10 TO 12,120,Improved,1998,77 years 06 months,488000,925 HOUGANG ST 91,530925,1.37670584605136,103.882497236424
69908,2020-04,HOUGANG,5 ROOM,956,HOUGANG ST 91,04 TO 06,115,Improved,1999,78 years 02 months,517000,956 HOUGANG ST 91,530956,1.37662824467932,103.878798899667
69909,2020-04,HOUGANG,5 ROOM,956,HOUGANG ST 91,10 TO 12,116,Improved,1999,78 years 02 months,482000,956 HOUGANG ST 91,530956,1.37662824467932,103.878798899667
69910,2020-04,HOUGANG,5 ROOM,929,HOUGANG ST 91,13 TO 15,120,Improved,1998,77 years 03 months,533888,929 HOUGANG ST 91,530929,1.37603204309398,103.881497888579
69911,2020-04,HOUGANG,5 ROOM,465,UPP SERANGOON RD,04 TO 06,122,Improved,1992,71 years 06 months,560000,465 UPP SERANGOON RD,530465,1.37190788342411,103.897012927498
69912,2020-04,HOUGANG,5 ROOM,476C,UPP SERANGOON VIEW,04 TO 06,112,Premium Apartment,2016,95 years,688000,476C UPP SERANGOON VIEW,533476,1.37794957092138,103.904346035596
69913,2020-04,HOUGANG,5 ROOM,476C,UPP SERANGOON VIEW,13 TO 15,112,Premium Apartment,2016,95 years,702000,476C UPP SERANGOON VIEW,533476,1.37794957092138,103.904346035596
69914,2020-04,HOUGANG,EXECUTIVE,615,HOUGANG AVE 8,04 TO 06,149,Maisonette,1986,65 years 05 months,630000,615 HOUGANG AVE 8,530615,1.36861360410086,103.88493791631
69915,2020-04,HOUGANG,EXECUTIVE,558,HOUGANG ST 51,10 TO 12,148,Maisonette,1992,71 years 06 months,710000,558 HOUGANG ST 51,530558,1.38049481873122,103.889760539985
69916,2020-04,JURONG EAST,3 ROOM,301,JURONG EAST ST 32,04 TO 06,68,New Generation,1983,62 years,240000,301 JURONG EAST ST 32,600301,1.34404144956674,103.735500080389
69917,2020-04,JURONG EAST,4 ROOM,236,JURONG EAST ST 21,04 TO 06,91,New Generation,1982,60 years 11 months,362888,236 JURONG EAST ST 21,600236,1.34040691118426,103.742128554131
69918,2020-04,JURONG EAST,4 ROOM,20,TEBAN GDNS RD,16 TO 18,92,Model A,2013,92 years 06 months,440000,20 TEBAN GDNS RD,600020,1.32378355041705,103.7385183842
69919,2020-04,JURONG EAST,4 ROOM,22,TEBAN GDNS RD,04 TO 06,87,Model A,2013,92 years 05 months,382000,22 TEBAN GDNS RD,600022,1.32277239024452,103.739714299254
69920,2020-04,JURONG EAST,5 ROOM,332,JURONG EAST AVE 1,01 TO 03,134,Model A,1985,64 years 07 months,415000,332 JURONG EAST AVE 1,600332,1.35159123927227,103.73019605105
69921,2020-04,JURONG EAST,5 ROOM,288E,JURONG EAST ST 21,13 TO 15,122,Improved,2000,79 years,640000,288E JURONG EAST ST 21,605288,1.34034550003904,103.74371089301
69922,2020-04,JURONG EAST,EXECUTIVE,327,JURONG EAST ST 31,10 TO 12,149,Maisonette,1985,64 years,670000,327 JURONG EAST ST 31,600327,1.34914053686845,103.729174020373
69923,2020-04,JURONG WEST,3 ROOM,530,JURONG WEST ST 52,04 TO 06,82,New Generation,1983,62 years 05 months,290000,530 JURONG WEST ST 52,640530,1.34853287172023,103.715468146297
69924,2020-04,JURONG WEST,4 ROOM,474,JURONG WEST ST 41,01 TO 03,103,Model A,1984,63 years 06 months,355000,474 JURONG WEST ST 41,640474,1.34809707501986,103.724184231142
69925,2020-04,JURONG WEST,4 ROOM,661A,JURONG WEST ST 64,07 TO 09,91,Model A,2001,80 years 05 months,405000,661A JURONG WEST ST 64,641661,1.33567944605321,103.705141174139
69926,2020-04,JURONG WEST,4 ROOM,677C,JURONG WEST ST 64,13 TO 15,90,Premium Apartment,2008,87 years 03 months,371000,677C JURONG WEST ST 64,643677,1.34535269242821,103.704959975034
69927,2020-04,JURONG WEST,4 ROOM,730,JURONG WEST ST 72,04 TO 06,103,Model A,1990,69 years 08 months,312000,730 JURONG WEST ST 72,640730,1.34610886408457,103.698426986147
69928,2020-04,JURONG WEST,4 ROOM,731,JURONG WEST ST 72,10 TO 12,103,Model A,1990,69 years 08 months,338000,731 JURONG WEST ST 72,640731,1.34547702861433,103.698587048618
69929,2020-04,JURONG WEST,4 ROOM,765,JURONG WEST ST 74,04 TO 06,104,Model A,1996,75 years 03 months,335000,765 JURONG WEST ST 74,640765,1.35008225208999,103.69839455351
69930,2020-04,JURONG WEST,4 ROOM,339A,KANG CHING RD,07 TO 09,89,Model A,2012,91 years,435000,339A KANG CHING RD,611339,1.33785466388305,103.721462722132
69931,2020-04,JURONG WEST,4 ROOM,360,YUNG AN RD,07 TO 09,109,Model A,1995,74 years 07 months,360000,360 YUNG AN RD,610360,1.33580303394451,103.72098058106
69932,2020-04,JURONG WEST,5 ROOM,729,JURONG WEST AVE 5,04 TO 06,121,Improved,1989,68 years 08 months,360000,729 JURONG WEST AVE 5,640729,1.34641262878569,103.697839347889
69933,2020-04,JURONG WEST,5 ROOM,654A,JURONG WEST ST 61,04 TO 06,110,Improved,2002,81 years 04 months,490000,654A JURONG WEST ST 61,641654,1.33612390523125,103.69828964663
69934,2020-04,JURONG WEST,5 ROOM,678A,JURONG WEST ST 64,13 TO 15,110,Premium Apartment,2008,87 years 03 months,445000,678A JURONG WEST ST 64,641678,1.34508009611217,103.704400730049
69935,2020-04,JURONG WEST,5 ROOM,138C,YUAN CHING RD,19 TO 21,108,DBSS,2014,93 years 06 months,713800,138C YUAN CHING RD,613138,1.32843797727643,103.723795893377
69936,2020-04,JURONG WEST,5 ROOM,175A,YUNG KUANG RD,07 TO 09,113,Premium Apartment,2015,94 years 02 months,526000,175A YUNG KUANG RD,611175,1.33193786368443,103.721561508725
69937,2020-04,JURONG WEST,EXECUTIVE,752,JURONG WEST ST 74,01 TO 03,154,Apartment,1995,74 years 06 months,550000,752 JURONG WEST ST 74,640752,1.34852762746799,103.699428834965
69938,2020-04,JURONG WEST,EXECUTIVE,159,YUNG PING RD,10 TO 12,146,Apartment,1996,75 years 02 months,550000,159 YUNG PING RD,610159,1.32928599309236,103.72238572895
69939,2020-04,KALLANG/WHAMPOA,3 ROOM,43,BENDEMEER RD,04 TO 06,63,Standard,1981,59 years 10 months,270000,43 BENDEMEER RD,330043,1.32112499272338,103.865833285976
69940,2020-04,KALLANG/WHAMPOA,3 ROOM,44,BENDEMEER RD,07 TO 09,63,Standard,1981,59 years 10 months,244000,44 BENDEMEER RD,330044,1.32226013692281,103.86662310263
69941,2020-04,KALLANG/WHAMPOA,3 ROOM,75,WHAMPOA DR,04 TO 06,76,Improved,1974,52 years 10 months,225000,75 WHAMPOA DR,320075,1.32441875533381,103.858185074994
69942,2020-04,KALLANG/WHAMPOA,4 ROOM,815,JELLICOE RD,16 TO 18,91,Model A,2003,82 years,720000,815 JELLICOE RD,200815,1.30693030778708,103.861714899755
69943,2020-04,KALLANG/WHAMPOA,4 ROOM,16,JLN TENTERAM,01 TO 03,86,Model A,2002,81 years 06 months,447000,16 JLN TENTERAM,321016,1.32813370856146,103.85955995036
69944,2020-04,KALLANG/WHAMPOA,5 ROOM,11,FARRER PK RD,16 TO 18,109,Improved,2004,83 years 03 months,770000,11 FARRER PK RD,210011,1.31236768241476,103.852109307152
69945,2020-04,KALLANG/WHAMPOA,EXECUTIVE,105,JLN RAJAH,04 TO 06,149,Maisonette,1984,63 years 04 months,720000,105 JLN RAJAH,320105,1.32857909987613,103.85387252356
69946,2020-04,MARINE PARADE,3 ROOM,30,MARINE CRES,13 TO 15,76,Improved,1975,54 years 02 months,458000,30 MARINE CRES,440030,1.30422279476766,103.911164021354
69947,2020-04,MARINE PARADE,3 ROOM,19,MARINE TER,04 TO 06,76,Improved,1975,53 years 10 months,350000,19 MARINE TER,440019,1.30452210196584,103.915054010998
69948,2020-04,PASIR RIS,2 ROOM,528A,PASIR RIS ST 51,01 TO 03,47,Model A,2015,94 years 04 months,245000,528A PASIR RIS ST 51,511528,1.37021066906466,103.947986536645
69949,2020-04,PASIR RIS,4 ROOM,478,PASIR RIS DR 4,10 TO 12,103,Model A,1992,71 years 08 months,423000,478 PASIR RIS DR 4,510478,1.37449376842352,103.958958334109
69950,2020-04,PASIR RIS,4 ROOM,474,PASIR RIS DR 6,07 TO 09,103,Model A,1989,68 years 09 months,390000,474 PASIR RIS DR 6,510474,1.3747414028881,103.956621651363
69951,2020-04,PASIR RIS,4 ROOM,524C,PASIR RIS ST 51,04 TO 06,93,Model A,2015,94 years 04 months,525000,524C PASIR RIS ST 51,513524,1.37054529360258,103.947594575271
69952,2020-04,PASIR RIS,4 ROOM,524A,PASIR RIS ST 51,10 TO 12,93,Model A,2015,94 years 03 months,540000,524A PASIR RIS ST 51,511524,1.37127969347365,103.94771493702
69953,2020-04,PASIR RIS,4 ROOM,528B,PASIR RIS ST 51,07 TO 09,93,Model A,2015,94 years 03 months,490000,528B PASIR RIS ST 51,512528,1.37062340418468,103.948163757719
69954,2020-04,PASIR RIS,4 ROOM,525C,PASIR RIS ST 51,01 TO 03,93,Model A,2015,94 years 04 months,477000,525C PASIR RIS ST 51,513525,1.3699604913861,103.947452111279
69955,2020-04,PASIR RIS,4 ROOM,526D,PASIR RIS ST 51,07 TO 09,93,Model A,2015,94 years 03 months,500000,526D PASIR RIS ST 51,514526,1.36866830502329,103.947274003279
69956,2020-04,PASIR RIS,4 ROOM,570,PASIR RIS ST 53,01 TO 03,108,Model A,1995,74 years 07 months,430000,570 PASIR RIS ST 53,510570,1.37276905622506,103.946510452269
69957,2020-04,PASIR RIS,4 ROOM,769,PASIR RIS ST 71,07 TO 09,105,Model A,1996,75 years 05 months,395000,769 PASIR RIS ST 71,510769,1.37510622714738,103.9351471761
69958,2020-04,PASIR RIS,4 ROOM,749,PASIR RIS ST 71,04 TO 06,105,Model A,1996,75 years 07 months,375000,749 PASIR RIS ST 71,510749,1.37833993791738,103.934276500207
69959,2020-04,PASIR RIS,5 ROOM,614,ELIAS RD,04 TO 06,129,Improved,1996,75 years 03 months,530000,614 ELIAS RD,510614,1.37569025647343,103.941594146207
69960,2020-04,PASIR RIS,5 ROOM,416,PASIR RIS DR 6,13 TO 15,122,Improved,1989,68 years 09 months,493000,416 PASIR RIS DR 6,510416,1.37163660120977,103.955620745818
69961,2020-04,PASIR RIS,5 ROOM,567,PASIR RIS ST 51,04 TO 06,123,Improved,1992,71 years 08 months,520000,567 PASIR RIS ST 51,510567,1.36899342078075,103.949117873932
69962,2020-04,PASIR RIS,EXECUTIVE,108,PASIR RIS ST 12,10 TO 12,146,Maisonette,1988,67 years 05 months,650000,108 PASIR RIS ST 12,510108,1.36747877864087,103.95701769761
69963,2020-04,PASIR RIS,EXECUTIVE,161,PASIR RIS ST 13,07 TO 09,150,Apartment,1995,73 years 11 months,630000,161 PASIR RIS ST 13,510161,1.36374401411064,103.961935535722
69964,2020-04,PASIR RIS,EXECUTIVE,236,PASIR RIS ST 21,04 TO 06,147,Apartment,1993,72 years 03 months,600000,236 PASIR RIS ST 21,510236,1.37447033709723,103.962580230162
69965,2020-04,PASIR RIS,EXECUTIVE,239,PASIR RIS ST 21,07 TO 09,146,Apartment,1993,72 years 04 months,550000,239 PASIR RIS ST 21,510239,1.37319323483764,103.963384554912
69966,2020-04,PASIR RIS,EXECUTIVE,208,PASIR RIS ST 21,04 TO 06,147,Apartment,1993,72 years 05 months,520000,208 PASIR RIS ST 21,510208,1.36624948871012,103.961918466487
69967,2020-04,PASIR RIS,EXECUTIVE,717,PASIR RIS ST 72,10 TO 12,148,Apartment,1996,75 years 03 months,585000,717 PASIR RIS ST 72,510717,1.38262059331192,103.936631122283
69968,2020-04,PUNGGOL,3 ROOM,601A,PUNGGOL CTRL,04 TO 06,70,Model A,2012,91 years 04 months,320000,601A PUNGGOL CTRL,821601,1.40246846595119,103.907582202598
69969,2020-04,PUNGGOL,3 ROOM,208A,PUNGGOL PL,04 TO 06,67,Model A,2014,93 years 03 months,335000,208A PUNGGOL PL,821208,1.40146324574732,103.900761051711
69970,2020-04,PUNGGOL,3 ROOM,308C,PUNGGOL WALK,10 TO 12,67,Premium Apartment,2016,95 years,408888,308C PUNGGOL WALK,823308,1.40800694944027,103.899074357998
69971,2020-04,PUNGGOL,3 ROOM,266C,PUNGGOL WAY,07 TO 09,67,Model A,2015,94 years 03 months,365000,266C PUNGGOL WAY,823266,1.40515419785373,103.897805221585
69972,2020-04,PUNGGOL,4 ROOM,174D,EDGEDALE PLAINS,07 TO 09,90,Model A,2004,82 years 10 months,370000,174D EDGEDALE PLAINS,824174,1.3973593328472,103.910118764409
69973,2020-04,PUNGGOL,4 ROOM,672D,EDGEFIELD PLAINS,13 TO 15,90,Model A,2015,94 years 09 months,425000,672D EDGEFIELD PLAINS,824672,1.40759031189113,103.910923572748
69974,2020-04,PUNGGOL,4 ROOM,672D,EDGEFIELD PLAINS,10 TO 12,90,Model A,2015,94 years 08 months,433000,672D EDGEFIELD PLAINS,824672,1.40759031189113,103.910923572748
69975,2020-04,PUNGGOL,4 ROOM,602A,PUNGGOL CTRL,13 TO 15,94,Model A,2012,91 years 03 months,463000,602A PUNGGOL CTRL,821602,1.40348053779097,103.907117403756
69976,2020-04,PUNGGOL,4 ROOM,613D,PUNGGOL DR,04 TO 06,93,Model A,2012,91 years 09 months,440000,613D PUNGGOL DR,824613,1.40382435066928,103.908909336084
69977,2020-04,PUNGGOL,4 ROOM,642B,PUNGGOL DR,13 TO 15,91,Premium Apartment,2005,83 years 10 months,380000,642B PUNGGOL DR,822642,1.39828453335364,103.916255328466
69978,2020-04,PUNGGOL,4 ROOM,665C,PUNGGOL DR,04 TO 06,93,Premium Apartment,2016,94 years 10 months,463888,665C PUNGGOL DR,823665,1.40149164608042,103.914459128885
69979,2020-04,PUNGGOL,4 ROOM,665A,PUNGGOL DR,13 TO 15,93,Premium Apartment,2016,94 years 10 months,498000,665A PUNGGOL DR,821665,1.4022827275187,103.913637732874
69980,2020-04,PUNGGOL,4 ROOM,268D,PUNGGOL FIELD,07 TO 09,96,Premium Apartment,2013,91 years 10 months,465000,268D PUNGGOL FIELD,824268,1.40331378111347,103.898358925104
69981,2020-04,PUNGGOL,4 ROOM,196D,PUNGGOL FIELD,07 TO 09,85,Model A,2003,82 years 04 months,352000,196D PUNGGOL FIELD,824196,1.39966081419517,103.907234511303
69982,2020-04,PUNGGOL,4 ROOM,274D,PUNGGOL PL,04 TO 06,93,Premium Apartment,2013,92 years 04 months,480000,274D PUNGGOL PL,824274,1.40303370918855,103.901688542522
69983,2020-04,PUNGGOL,4 ROOM,289B,PUNGGOL PL,04 TO 06,97,Premium Apartment,2013,92 years,510000,289B PUNGGOL PL,822289,1.4013435609028,103.90312699575
69984,2020-04,PUNGGOL,4 ROOM,271D,PUNGGOL WALK,07 TO 09,93,Premium Apartment,2014,93 years 01 month,510000,271D PUNGGOL WALK,824271,1.40351432588188,103.90089026171
69985,2020-04,PUNGGOL,4 ROOM,308C,PUNGGOL WALK,04 TO 06,92,Premium Apartment,2016,95 years,524000,308C PUNGGOL WALK,823308,1.40800694944027,103.899074357998
69986,2020-04,PUNGGOL,4 ROOM,271C,PUNGGOL WALK,10 TO 12,93,Premium Apartment,2014,93 years,526000,271C PUNGGOL WALK,823271,1.40394165900883,103.901034337843
69987,2020-04,PUNGGOL,4 ROOM,265C,PUNGGOL WAY,10 TO 12,92,Model A,2015,94 years 03 months,505000,265C PUNGGOL WAY,823265,1.40499728975087,103.898518563343
69988,2020-04,PUNGGOL,4 ROOM,260A,PUNGGOL WAY,13 TO 15,93,Model A,2016,95 years 02 months,498000,260A PUNGGOL WAY,821260,1.40479713792879,103.896616087907
69989,2020-04,PUNGGOL,4 ROOM,312B,SUMANG LINK,07 TO 09,92,Model A,2015,94 years 03 months,476000,312B SUMANG LINK,822312,1.41135309598215,103.900614672147
69990,2020-04,PUNGGOL,5 ROOM,201C,PUNGGOL FIELD,04 TO 06,110,Improved,2004,83 years 04 months,470000,201C PUNGGOL FIELD,823201,1.39933148198649,103.903711960348
69991,2020-04,PUNGGOL,5 ROOM,259C,PUNGGOL FIELD,13 TO 15,113,Improved,2016,95 years 03 months,638000,259C PUNGGOL FIELD,823259,1.40453408581455,103.895665532043
69992,2020-04,PUNGGOL,5 ROOM,267B,PUNGGOL FIELD,10 TO 12,115,Premium Apartment,2013,91 years 10 months,638000,267B PUNGGOL FIELD,822267,1.40443273898382,103.897932428343
69993,2020-04,PUNGGOL,5 ROOM,270A,PUNGGOL FIELD,13 TO 15,115,Premium Apartment,2013,91 years 09 months,675000,270A PUNGGOL FIELD,821270,1.40397950121026,103.899454945441
69994,2020-04,PUNGGOL,5 ROOM,258C,PUNGGOL FIELD,07 TO 09,113,Improved,2016,95 years 02 months,615000,258C PUNGGOL FIELD,823258,1.40414193190214,103.896363634267
69995,2020-04,PUNGGOL,5 ROOM,308A,PUNGGOL WALK,04 TO 06,112,Premium Apartment,2016,95 years,688000,308A PUNGGOL WALK,821308,1.40776143065745,103.900998963843
69996,2020-04,PUNGGOL,5 ROOM,266A,PUNGGOL WAY,07 TO 09,112,Improved,2015,94 years 03 months,608888,266A PUNGGOL WAY,821266,1.40596071590593,103.897970713861
69997,2020-04,PUNGGOL,EXECUTIVE,112,EDGEFIELD PLAINS,01 TO 03,130,Premium Apartment,2003,82 years 03 months,530000,112 EDGEFIELD PLAINS,820112,1.39624516914488,103.907087268008
69998,2020-04,QUEENSTOWN,3 ROOM,8,HOLLAND AVE,04 TO 06,59,Improved,1974,53 years 02 months,260000,8 HOLLAND AVE,271008,1.30651406379174,103.794222994827
69999,2020-04,QUEENSTOWN,3 ROOM,9,HOLLAND AVE,10 TO 12,65,Improved,1974,53 years 02 months,388000,9 HOLLAND AVE,272009,1.3075559256341,103.794443576453
70000,2020-04,QUEENSTOWN,4 ROOM,86,DAWSON RD,10 TO 12,83,Premium Apartment,2016,95 years 05 months,780000,86 DAWSON RD,141086,1.29564903068441,103.810230517871
70001,2020-04,QUEENSTOWN,4 ROOM,90,DAWSON RD,04 TO 06,95,Premium Apartment Loft,2016,95 years,850000,90 DAWSON RD,142090,1.29540163896319,103.812185563953
70002,2020-04,QUEENSTOWN,4 ROOM,90,DAWSON RD,34 TO 36,83,Premium Apartment,2016,95 years 01 month,900000,90 DAWSON RD,142090,1.29540163896319,103.812185563953
70003,2020-04,QUEENSTOWN,4 ROOM,5,DOVER CRES,10 TO 12,94,New Generation,1979,58 years 07 months,480000,5 DOVER CRES,130005,1.30406012764311,103.782637200936
70004,2020-04,QUEENSTOWN,4 ROOM,83,STRATHMORE AVE,01 TO 03,102,Model A,1997,76 years 03 months,690000,83 STRATHMORE AVE,141083,1.29464286416414,103.808263951097
70005,2020-04,QUEENSTOWN,5 ROOM,90,DAWSON RD,25 TO 27,99,Premium Apartment,2016,95 years,1010000.88,90 DAWSON RD,142090,1.29540163896319,103.812185563953
70006,2020-04,QUEENSTOWN,5 ROOM,22,GHIM MOH LINK,07 TO 09,113,Improved,2013,92 years,870000,22 GHIM MOH LINK,271022,1.30935676342126,103.785489714945
70007,2020-04,QUEENSTOWN,5 ROOM,146,MEI LING ST,13 TO 15,135,Model A,1995,74 years 04 months,870000,146 MEI LING ST,140146,1.29391477689682,103.804454313969
70008,2020-04,SEMBAWANG,3 ROOM,590A,MONTREAL LINK,16 TO 18,68,Model A,2015,94 years,310000,590A MONTREAL LINK,751590,1.45035573249189,103.826654919951
70009,2020-04,SEMBAWANG,4 ROOM,421,CANBERRA RD,04 TO 06,90,Model A,2001,80 years,320000,421 CANBERRA RD,750421,1.45299061364993,103.818532777338
70010,2020-04,SEMBAWANG,4 ROOM,463C,SEMBAWANG DR,16 TO 18,92,Model A,2015,94 years 02 months,412000,463C SEMBAWANG DR,753463,1.45623509145475,103.814292200264
70011,2020-04,SEMBAWANG,4 ROOM,481,SEMBAWANG DR,07 TO 09,90,Model A,2000,79 years 05 months,306000,481 SEMBAWANG DR,750481,1.45297628362912,103.815094118491
70012,2020-04,SEMBAWANG,5 ROOM,300,CANBERRA RD,07 TO 09,120,Improved,1998,77 years 06 months,426000,300 CANBERRA RD,750300,1.44585216960767,103.822896239346
70013,2020-04,SEMBAWANG,5 ROOM,330,SEMBAWANG CL,01 TO 03,115,Improved,1999,78 years 04 months,412000,330 SEMBAWANG CL,750330,1.44680507130646,103.817811631963
70014,2020-04,SEMBAWANG,5 ROOM,507A,WELLINGTON CIRCLE,07 TO 09,110,Improved,2001,80 years 09 months,390000,507A WELLINGTON CIRCLE,751507,1.4527308013707,103.823966895951
70015,2020-04,SEMBAWANG,EXECUTIVE,360C,ADMIRALTY DR,10 TO 12,131,Premium Apartment,2001,80 years 06 months,468000,360C ADMIRALTY DR,753360,1.4486749328363,103.814692191276
70016,2020-04,SEMBAWANG,EXECUTIVE,338,SEMBAWANG CRES,13 TO 15,139,Apartment,1999,78 years 04 months,515000,338 SEMBAWANG CRES,750338,1.44577476058766,103.815316349165
70017,2020-04,SEMBAWANG,EXECUTIVE,471,SEMBAWANG DR,10 TO 12,130,Apartment,2000,79 years 04 months,435000,471 SEMBAWANG DR,750471,1.45194275649274,103.815879050674
70018,2020-04,SENGKANG,2 ROOM,180A,RIVERVALE CRES,16 TO 18,47,Model A,2015,94 years,258000,180A RIVERVALE CRES,541180,1.39025909742147,103.909624930156
70019,2020-04,SENGKANG,3 ROOM,180B,RIVERVALE CRES,16 TO 18,67,Model A,2015,93 years 11 months,300000,180B RIVERVALE CRES,542180,1.38994718706066,103.909449885028
70020,2020-04,SENGKANG,4 ROOM,336A,ANCHORVALE CRES,01 TO 03,92,Premium Apartment,2015,94 years 09 months,425000,336A ANCHORVALE CRES,541336,1.39754408575022,103.88932509626
70021,2020-04,SENGKANG,4 ROOM,334A,ANCHORVALE CRES,07 TO 09,92,Premium Apartment,2015,94 years 08 months,466000,334A ANCHORVALE CRES,541334,1.39838638603313,103.889425801052
70022,2020-04,SENGKANG,4 ROOM,305A,ANCHORVALE LINK,16 TO 18,90,Model A,2002,80 years 11 months,358000,305A ANCHORVALE LINK,541305,1.38840183014731,103.88816713058
70023,2020-04,SENGKANG,4 ROOM,333B,ANCHORVALE LINK,10 TO 12,92,Model A,2015,94 years 02 months,470000,333B ANCHORVALE LINK,542333,1.39457895953303,103.891425367847
70024,2020-04,SENGKANG,4 ROOM,330A,ANCHORVALE ST,16 TO 18,92,Model A,2015,94 years 05 months,452888,330A ANCHORVALE ST,541330,1.39662723563942,103.889865427006
70025,2020-04,SENGKANG,4 ROOM,330A,ANCHORVALE ST,10 TO 12,92,Model A,2015,94 years 04 months,462000,330A ANCHORVALE ST,541330,1.39662723563942,103.889865427006
70026,2020-04,SENGKANG,4 ROOM,201D,COMPASSVALE DR,10 TO 12,90,Model A,2001,80 years 04 months,380000,201D COMPASSVALE DR,544201,1.38728792771911,103.893598492628
70027,2020-04,SENGKANG,4 ROOM,207A,COMPASSVALE LANE,04 TO 06,92,Model A,2005,83 years 11 months,357000,207A COMPASSVALE LANE,542207,1.38530709577874,103.897870151664
70028,2020-04,SENGKANG,4 ROOM,298C,COMPASSVALE ST,13 TO 15,94,Premium Apartment,2001,80 years 04 months,360000,298C COMPASSVALE ST,543298,1.39626992629114,103.900983156779
70029,2020-04,SENGKANG,4 ROOM,416A,FERNVALE LINK,19 TO 21,93,Model A,2016,94 years 10 months,445000,416A FERNVALE LINK,791416,1.3906119627657,103.879963560438
70030,2020-04,SENGKANG,4 ROOM,414A,FERNVALE LINK,13 TO 15,93,Model A,2016,94 years 09 months,438888,414A FERNVALE LINK,791414,1.38958310807082,103.87947708432
70031,2020-04,SENGKANG,4 ROOM,416A,FERNVALE LINK,19 TO 21,93,Model A,2016,94 years 09 months,435000,416A FERNVALE LINK,791416,1.3906119627657,103.879963560438
70032,2020-04,SENGKANG,4 ROOM,411A,FERNVALE RD,13 TO 15,95,Premium Apartment,2012,91 years 08 months,438888,411A FERNVALE RD,791411,1.39054817088696,103.876908514512
70033,2020-04,SENGKANG,4 ROOM,436C,FERNVALE RD,22 TO 24,96,Model A,2010,88 years 11 months,436000,436C FERNVALE RD,793436,1.39231468377271,103.876970188022
70034,2020-04,SENGKANG,4 ROOM,471C,FERNVALE ST,16 TO 18,93,Model A,2016,95 years 06 months,460000,471C FERNVALE ST,793471,1.39595291069106,103.8815041411
70035,2020-04,SENGKANG,4 ROOM,178D,RIVERVALE CRES,16 TO 18,93,Model A,2015,94 years,388888,178D RIVERVALE CRES,544178,1.38904079413305,103.91071884624
70036,2020-04,SENGKANG,4 ROOM,178D,RIVERVALE CRES,07 TO 09,93,Model A,2015,93 years 11 months,370000,178D RIVERVALE CRES,544178,1.38904079413305,103.91071884624
70037,2020-04,SENGKANG,4 ROOM,153,RIVERVALE CRES,04 TO 06,91,Model A,2005,84 years 08 months,345000,153 RIVERVALE CRES,540153,1.39134013970454,103.906579847889
70038,2020-04,SENGKANG,4 ROOM,124C,RIVERVALE DR,16 TO 18,90,Model A2,1999,78 years 04 months,370000,124C RIVERVALE DR,543124,1.38809640740115,103.902720783456
70039,2020-04,SENGKANG,4 ROOM,121A,RIVERVALE DR,13 TO 15,91,Model A,2000,79 years 03 months,342000,121A RIVERVALE DR,541121,1.38669088303388,103.905111879708
70040,2020-04,SENGKANG,4 ROOM,272C,SENGKANG CTRL,07 TO 09,90,Premium Apartment,2009,88 years 09 months,555000,272C SENGKANG CTRL,543272,1.38427332655847,103.893821005371
70041,2020-04,SENGKANG,4 ROOM,270A,SENGKANG CTRL,16 TO 18,93,Premium Apartment,2010,89 years 01 month,548888,270A SENGKANG CTRL,541270,1.3857519775168,103.894255028725
70042,2020-04,SENGKANG,5 ROOM,332A,ANCHORVALE LINK,10 TO 12,112,Improved,2015,94 years 03 months,585000,332A ANCHORVALE LINK,541332,1.39532164438575,103.891136801306
70043,2020-04,SENGKANG,5 ROOM,232,COMPASSVALE WALK,01 TO 03,123,Improved,1999,78 years 04 months,380000,232 COMPASSVALE WALK,540232,1.39055587792288,103.900837998637
70044,2020-04,SENGKANG,5 ROOM,237,COMPASSVALE WALK,10 TO 12,122,Improved,1999,78 years 06 months,488000,237 COMPASSVALE WALK,540237,1.3898678837082,103.898520282397
70045,2020-04,SENGKANG,5 ROOM,403A,FERNVALE LANE,22 TO 24,112,Premium Apartment,2004,83 years 01 month,440000,403A FERNVALE LANE,791403,1.3889306090651,103.873208570293
70046,2020-04,SENGKANG,5 ROOM,416B,FERNVALE LINK,19 TO 21,113,Improved,2016,94 years 09 months,593000,416B FERNVALE LINK,792416,1.39048519034443,103.880509545623
70047,2020-04,SENGKANG,5 ROOM,472A,FERNVALE ST,19 TO 21,113,Improved,2016,95 years 06 months,600000,472A FERNVALE ST,791472,1.39740224240408,103.881338084424
70048,2020-04,SENGKANG,5 ROOM,472C,FERNVALE ST,22 TO 24,113,Improved,2016,95 years 05 months,595000,472C FERNVALE ST,793472,1.39631552198212,103.881167314758
70049,2020-04,SENGKANG,5 ROOM,119C,RIVERVALE DR,04 TO 06,121,Premium Apartment,2001,80 years,440000,119C RIVERVALE DR,543119,1.3849637388638,103.903254581819
70050,2020-04,SENGKANG,5 ROOM,130,RIVERVALE ST,13 TO 15,119,Improved,1999,77 years 11 months,450000,130 RIVERVALE ST,540130,1.38944503867735,103.902653243628
70051,2020-04,SENGKANG,5 ROOM,121C,SENGKANG EAST WAY,13 TO 15,110,Improved,2000,79 years 06 months,398000,121C SENGKANG EAST WAY,543121,1.38629426559838,103.905380700368
70052,2020-04,SENGKANG,5 ROOM,122A,SENGKANG EAST WAY,16 TO 18,110,Improved,2000,79 years 06 months,430000,122A SENGKANG EAST WAY,541122,1.38661451456829,103.906024040147
70053,2020-04,SENGKANG,5 ROOM,452A,SENGKANG WEST WAY,07 TO 09,111,Improved,2015,94 years 01 month,530088,452A SENGKANG WEST WAY,791452,1.39354732029357,103.874486020747
70054,2020-04,SENGKANG,5 ROOM,452A,SENGKANG WEST WAY,10 TO 12,111,Improved,2015,94 years 01 month,545000,452A SENGKANG WEST WAY,791452,1.39354732029357,103.874486020747
70055,2020-04,SENGKANG,EXECUTIVE,302C,ANCHORVALE LINK,07 TO 09,130,Apartment,2001,80 years 07 months,555000,302C ANCHORVALE LINK,543302,1.38807961549725,103.890153139284
70056,2020-04,SENGKANG,EXECUTIVE,317D,ANCHORVALE RD,10 TO 12,125,Premium Apartment,2003,82 years,580000,317D ANCHORVALE RD,544317,1.39346617238896,103.887930423496
70057,2020-04,SENGKANG,EXECUTIVE,262B,COMPASSVALE ST,01 TO 03,130,Apartment,2001,80 years 01 month,560000,262B COMPASSVALE ST,542262,1.39510005315112,103.895470505301
70058,2020-04,SENGKANG,EXECUTIVE,226C,COMPASSVALE WALK,13 TO 15,135,Apartment,1999,78 years 08 months,610000,226C COMPASSVALE WALK,543226,1.38825618618142,103.900017893677
70059,2020-04,SENGKANG,EXECUTIVE,119B,RIVERVALE DR,10 TO 12,141,Premium Apartment,2001,79 years 11 months,590000,119B RIVERVALE DR,542119,1.38436210947006,103.902965031077
70060,2020-04,SERANGOON,3 ROOM,222,SERANGOON AVE 4,10 TO 12,67,New Generation,1985,64 years 06 months,315000,222 SERANGOON AVE 4,550222,1.35842952473611,103.8712240101
70061,2020-04,SERANGOON,3 ROOM,204,SERANGOON CTRL,07 TO 09,64,Simplified,1985,64 years 07 months,400000,204 SERANGOON CTRL,550204,1.35243827939715,103.873298136881
70062,2020-04,SERANGOON,3 ROOM,106,SERANGOON NTH AVE 1,01 TO 03,60,Improved,1984,63 years 04 months,215000,106 SERANGOON NTH AVE 1,550106,1.37024462107298,103.87082295041
70063,2020-04,SERANGOON,4 ROOM,239,SERANGOON AVE 2,07 TO 09,84,Simplified,1985,64 years 03 months,508000,239 SERANGOON AVE 2,550239,1.35319103281952,103.868691793358
70064,2020-04,SERANGOON,4 ROOM,332,SERANGOON AVE 3,07 TO 09,84,Simplified,1986,64 years 11 months,550000,332 SERANGOON AVE 3,550332,1.35101719466947,103.870185119998
70065,2020-04,SERANGOON,4 ROOM,227,SERANGOON AVE 4,04 TO 06,96,New Generation,1984,63 years 09 months,410000,227 SERANGOON AVE 4,550227,1.35647098065068,103.871126764494
70066,2020-04,SERANGOON,4 ROOM,416,SERANGOON CTRL,07 TO 09,105,Model A,1989,68 years 02 months,618000,416 SERANGOON CTRL,550416,1.35020561451168,103.87481852314
70067,2020-04,SERANGOON,4 ROOM,512,SERANGOON NTH AVE 4,10 TO 12,100,Model A,1997,76 years 04 months,410000,512 SERANGOON NTH AVE 4,550512,1.37151235781968,103.875246643629
70068,2020-04,SERANGOON,4 ROOM,533,SERANGOON NTH AVE 4,04 TO 06,104,Model A,1992,71 years 07 months,387000,533 SERANGOON NTH AVE 4,550533,1.37453577975309,103.874598251793
70069,2020-04,TAMPINES,3 ROOM,239,TAMPINES ST 21,01 TO 03,67,New Generation,1984,63 years 08 months,295000,239 TAMPINES ST 21,520239,1.35477157041693,103.946584056018
70070,2020-04,TAMPINES,4 ROOM,107,SIMEI ST 1,10 TO 12,104,Model A,1988,67 years 08 months,498000,107 SIMEI ST 1,520107,1.3421611396727,103.950489942022
70071,2020-04,TAMPINES,4 ROOM,522A,TAMPINES CTRL 7,10 TO 12,93,Model A,2015,94 years 04 months,560000,522A TAMPINES CTRL 7,521522,1.3577691377884,103.938391967692
70072,2020-04,TAMPINES,4 ROOM,140,TAMPINES ST 12,07 TO 09,91,New Generation,1984,63 years 08 months,378000,140 TAMPINES ST 12,520140,1.3477319115079,103.94412402405
70073,2020-04,TAMPINES,4 ROOM,244,TAMPINES ST 21,07 TO 09,108,Model A,1984,63 years 03 months,493000,244 TAMPINES ST 21,521244,1.35380840642139,103.947114964145
70074,2020-04,TAMPINES,4 ROOM,269,TAMPINES ST 21,04 TO 06,104,Model A,1984,62 years 11 months,428000,269 TAMPINES ST 21,520269,1.35074543601676,103.948024392634
70075,2020-04,TAMPINES,4 ROOM,218,TAMPINES ST 24,01 TO 03,104,Model A,1985,63 years 11 months,390000,218 TAMPINES ST 24,520218,1.35443550096726,103.952286197035
70076,2020-04,TAMPINES,4 ROOM,223,TAMPINES ST 24,04 TO 06,91,New Generation,1985,64 years 08 months,410000,223 TAMPINES ST 24,521223,1.35538447535137,103.953204502396
70077,2020-04,TAMPINES,4 ROOM,338,TAMPINES ST 33,07 TO 09,107,Model A,1995,74 years 08 months,408000,338 TAMPINES ST 33,520338,1.35191835181438,103.959646788426
70078,2020-04,TAMPINES,4 ROOM,456,TAMPINES ST 42,01 TO 03,84,Simplified,1987,66 years 08 months,350000,456 TAMPINES ST 42,520456,1.35764861818949,103.954539467919
70079,2020-04,TAMPINES,4 ROOM,701,TAMPINES ST 71,04 TO 06,99,Model A,1997,76 years 03 months,438000,701 TAMPINES ST 71,520701,1.35617182936882,103.936798850032
70080,2020-04,TAMPINES,4 ROOM,888A,TAMPINES ST 81,10 TO 12,104,Model A,1989,67 years 11 months,420000,888A TAMPINES ST 81,521888,1.35048494954503,103.930912572366
70081,2020-04,TAMPINES,4 ROOM,840,TAMPINES ST 82,04 TO 06,84,Simplified,1986,64 years 10 months,356000,840 TAMPINES ST 82,520840,1.35114217456369,103.935616863987
70082,2020-04,TAMPINES,4 ROOM,857A,TAMPINES ST 83,01 TO 03,104,Model A,1987,66 years 06 months,390000,857A TAMPINES ST 83,521857,1.35429127781411,103.935134454336
70083,2020-04,TAMPINES,5 ROOM,231,SIMEI ST 4,07 TO 09,122,Improved,1989,68 years 01 month,565000,231 SIMEI ST 4,520231,1.34360960148098,103.956903452364
70084,2020-04,TAMPINES,5 ROOM,522C,TAMPINES CTRL 7,13 TO 15,113,Improved,2015,94 years 04 months,728800,522C TAMPINES CTRL 7,523522,1.35800481305316,103.939416135735
70085,2020-04,TAMPINES,5 ROOM,519D,TAMPINES CTRL 8,04 TO 06,108,DBSS,2014,93 years 02 months,800000,519D TAMPINES CTRL 8,524519,1.35620782102782,103.939593965028
70086,2020-04,TAMPINES,5 ROOM,268,TAMPINES ST 21,04 TO 06,133,Model A,1984,63 years 07 months,530000,268 TAMPINES ST 21,520268,1.35139028806382,103.947897535222
70087,2020-04,TAMPINES,5 ROOM,718,TAMPINES ST 72,10 TO 12,120,Improved,1997,76 years,560000,718 TAMPINES ST 72,520718,1.35908701781335,103.935544402477
70088,2020-04,TAMPINES,5 ROOM,842E,TAMPINES ST 82,01 TO 03,138,Model A,1995,74 years 05 months,603000,842E TAMPINES ST 82,525842,1.35157120885478,103.938444966547
70089,2020-04,TAMPINES,EXECUTIVE,498H,TAMPINES ST 45,10 TO 12,143,Premium Apartment,1997,76 years 01 month,628000,498H TAMPINES ST 45,526498,1.36295791496804,103.957515257339
70090,2020-04,TOA PAYOH,2 ROOM,51,LOR 6 TOA PAYOH,07 TO 09,50,Standard,1983,62 years 03 months,198000,51 LOR 6 TOA PAYOH,310051,1.33778337648439,103.852507455855
70091,2020-04,TOA PAYOH,3 ROOM,96,LOR 3 TOA PAYOH,04 TO 06,68,Improved,1970,48 years 10 months,258000,96 LOR 3 TOA PAYOH,310096,1.33862406463359,103.848379785457
70092,2020-04,TOA PAYOH,3 ROOM,96,LOR 3 TOA PAYOH,10 TO 12,68,Improved,1970,48 years 09 months,238000,96 LOR 3 TOA PAYOH,310096,1.33862406463359,103.848379785457
70093,2020-04,TOA PAYOH,3 ROOM,69,LOR 4 TOA PAYOH,07 TO 09,62,Standard,1973,51 years 10 months,220000,69 LOR 4 TOA PAYOH,310069,1.33418088520743,103.852706937473
70094,2020-04,TOA PAYOH,3 ROOM,2,LOR 7 TOA PAYOH,01 TO 03,66,Improved,1969,48 years 03 months,208000,2 LOR 7 TOA PAYOH,310002,1.33860752552334,103.853515565238
70095,2020-04,TOA PAYOH,3 ROOM,233,LOR 8 TOA PAYOH,10 TO 12,66,Improved,1981,60 years 07 months,245000,233 LOR 8 TOA PAYOH,310233,1.33828365922679,103.858467966719
70096,2020-04,TOA PAYOH,3 ROOM,139,POTONG PASIR AVE 3,01 TO 03,74,Model A,1984,63 years 04 months,372000,139 POTONG PASIR AVE 3,350139,1.33327648926162,103.866110230586
70097,2020-04,TOA PAYOH,3 ROOM,142,POTONG PASIR AVE 3,04 TO 06,74,Model A,1984,63 years 04 months,372000,142 POTONG PASIR AVE 3,350142,1.33320406699901,103.866992603867
70098,2020-04,TOA PAYOH,3 ROOM,205,TOA PAYOH NTH,07 TO 09,65,Improved,1973,52 years 03 months,260000,205 TOA PAYOH NTH,310205,1.34220948332494,103.847727620222
70099,2020-04,TOA PAYOH,3 ROOM,5,UPP ALJUNIED LANE,07 TO 09,57,Standard,1968,47 years 03 months,215000,5 UPP ALJUNIED LANE,360005,1.33372865982665,103.879898473982
70100,2020-04,TOA PAYOH,3 ROOM,5,UPP ALJUNIED LANE,01 TO 03,57,Standard,1968,47 years 03 months,190000,5 UPP ALJUNIED LANE,360005,1.33372865982665,103.879898473982
70101,2020-04,TOA PAYOH,4 ROOM,138A,LOR 1A TOA PAYOH,37 TO 39,91,DBSS,2012,91 years 01 month,830000,138A LOR 1A TOA PAYOH,311138,1.33671098513786,103.845472945511
70102,2020-04,TOA PAYOH,5 ROOM,258,KIM KEAT AVE,01 TO 03,127,Improved,1988,67 years 09 months,588888,258 KIM KEAT AVE,310258,1.33284519984898,103.85782877187
70103,2020-04,WOODLANDS,2 ROOM,780A,WOODLANDS CRES,16 TO 18,47,Model A,2015,94 years 04 months,230000,780A WOODLANDS CRES,731780,1.44867890682994,103.80077081866
70104,2020-04,WOODLANDS,3 ROOM,204,MARSILING DR,01 TO 03,68,New Generation,1981,60 years 01 month,205000,204 MARSILING DR,730204,1.44421587707158,103.77402718469
70105,2020-04,WOODLANDS,3 ROOM,19,MARSILING LANE,04 TO 06,60,Improved,1987,66 years 02 months,223000,19 MARSILING LANE,730019,1.44328204285332,103.777294228046
70106,2020-04,WOODLANDS,3 ROOM,570A,WOODLANDS AVE 1,01 TO 03,67,Model A,2013,92 years 08 months,290000,570A WOODLANDS AVE 1,731570,1.43058343799569,103.790845778879
70107,2020-04,WOODLANDS,4 ROOM,206,MARSILING DR,10 TO 12,93,New Generation,1981,60 years,280000,206 MARSILING DR,730206,1.44540729578602,103.77336982144
70108,2020-04,WOODLANDS,4 ROOM,27,MARSILING DR,01 TO 03,91,New Generation,1977,56 years 07 months,240000,27 MARSILING DR,730027,1.44227708494378,103.774172807721
70109,2020-04,WOODLANDS,4 ROOM,12A,MARSILING LANE,04 TO 06,93,Model A,2013,92 years 03 months,360000,12A MARSILING LANE,731012,1.44131726915198,103.778405129794
70110,2020-04,WOODLANDS,4 ROOM,12B,MARSILING LANE,07 TO 09,93,Model A,2013,92 years 03 months,355000,12B MARSILING LANE,732012,1.44108596725738,103.778120234676
70111,2020-04,WOODLANDS,4 ROOM,571A,WOODLANDS AVE 1,07 TO 09,92,Model A,2013,92 years 08 months,450000,571A WOODLANDS AVE 1,731571,1.43017030750239,103.791091612057
70112,2020-04,WOODLANDS,4 ROOM,368,WOODLANDS AVE 1,04 TO 06,105,Model A,1997,75 years 10 months,380000,368 WOODLANDS AVE 1,730368,1.43294240133526,103.786732547129
70113,2020-04,WOODLANDS,4 ROOM,617,WOODLANDS AVE 4,04 TO 06,91,Model A2,1998,77 years 01 month,325000,617 WOODLANDS AVE 4,730617,1.43389740955882,103.795730926437
70114,2020-04,WOODLANDS,4 ROOM,730,WOODLANDS CIRCLE,10 TO 12,91,Model A2,1997,76 years 06 months,330000,730 WOODLANDS CIRCLE,730730,1.44253330206837,103.797706231324
70115,2020-04,WOODLANDS,4 ROOM,764,WOODLANDS CIRCLE,07 TO 09,91,Model A,2003,82 years 03 months,330000,764 WOODLANDS CIRCLE,730764,1.44525012550107,103.796811169876
70116,2020-04,WOODLANDS,4 ROOM,780D,WOODLANDS CRES,01 TO 03,92,Model A,2015,94 years 04 months,355000,780D WOODLANDS CRES,734780,1.44811995933796,103.801945845172
70117,2020-04,WOODLANDS,4 ROOM,514,WOODLANDS DR 14,04 TO 06,107,Premium Apartment,1999,78 years,410000,514 WOODLANDS DR 14,730514,1.43459781347729,103.789672557945
70118,2020-04,WOODLANDS,4 ROOM,510,WOODLANDS DR 14,01 TO 03,107,Premium Apartment,1999,78 years,390000,510 WOODLANDS DR 14,730510,1.43276101501459,103.78849713537
70119,2020-04,WOODLANDS,4 ROOM,502A,WOODLANDS DR 14,07 TO 09,102,Model A,1998,77 years 08 months,375000,502A WOODLANDS DR 14,731502,1.43330461383635,103.791313633199
70120,2020-04,WOODLANDS,4 ROOM,897B,WOODLANDS DR 50,10 TO 12,100,Model A,1997,76 years 03 months,340000,897B WOODLANDS DR 50,731897,1.43605136306912,103.793998410947
70121,2020-04,WOODLANDS,4 ROOM,620,WOODLANDS DR 52,10 TO 12,92,Model A2,1998,77 years 05 months,300000,620 WOODLANDS DR 52,730620,1.43342596098074,103.798861660947
70122,2020-04,WOODLANDS,4 ROOM,667,WOODLANDS RING RD,04 TO 06,90,Model A,2001,79 years 10 months,352000,667 WOODLANDS RING RD,730667,1.43864551855524,103.79791843779
70123,2020-04,WOODLANDS,5 ROOM,9,MARSILING DR,04 TO 06,120,Standard,1976,54 years 10 months,285000,9 MARSILING DR,730009,1.44129152941254,103.776449738052
70124,2020-04,WOODLANDS,5 ROOM,35,MARSILING DR,13 TO 15,118,Standard,1977,56 years 06 months,280000,35 MARSILING DR,730035,1.44498346336295,103.771720496252
70125,2020-04,WOODLANDS,5 ROOM,138,MARSILING RD,04 TO 06,134,Model A,1995,74 years 01 month,410000,138 MARSILING RD,730138,1.43809995341553,103.777263836104
70126,2020-04,WOODLANDS,5 ROOM,782A,WOODLANDS CRES,04 TO 06,112,Improved,2015,94 years 03 months,445000,782A WOODLANDS CRES,731782,1.44746650320484,103.802661294631
70127,2020-04,WOODLANDS,5 ROOM,782E,WOODLANDS CRES,10 TO 12,112,Improved,2015,94 years 02 months,485000,782E WOODLANDS CRES,735782,1.44805153860282,103.802708834923
70128,2020-04,WOODLANDS,5 ROOM,546,WOODLANDS DR 16,01 TO 03,115,Improved,2000,79 years 06 months,375000,546 WOODLANDS DR 16,730546,1.42970406750651,103.793970297136
70129,2020-04,WOODLANDS,5 ROOM,706,WOODLANDS DR 40,07 TO 09,119,Improved,1996,75 years 07 months,430000,706 WOODLANDS DR 40,730706,1.43977845720471,103.796686826798
70130,2020-04,WOODLANDS,5 ROOM,550,WOODLANDS DR 44,10 TO 12,120,Improved,2000,78 years 10 months,410000,550 WOODLANDS DR 44,730550,1.4327294591592,103.794777358439
70131,2020-04,WOODLANDS,5 ROOM,894C,WOODLANDS DR 50,10 TO 12,119,Improved,1996,75 years 05 months,435000,894C WOODLANDS DR 50,732894,1.43563853621561,103.790326073447
70132,2020-04,WOODLANDS,5 ROOM,555,WOODLANDS DR 53,04 TO 06,115,Improved,1999,78 years 09 months,380000,555 WOODLANDS DR 53,730555,1.43228169943574,103.795797044364
70133,2020-04,WOODLANDS,EXECUTIVE,788D,WOODLANDS CRES,10 TO 12,143,Maisonette,1999,78 years 02 months,611000,788D WOODLANDS CRES,734788,1.44391581880003,103.802554333627
70134,2020-04,WOODLANDS,EXECUTIVE,520,WOODLANDS DR 14,01 TO 03,148,Premium Apartment,2000,79 years 05 months,500000,520 WOODLANDS DR 14,730520,1.43417410308188,103.792397305065
70135,2020-04,WOODLANDS,EXECUTIVE,648,WOODLANDS RING RD,10 TO 12,141,Maisonette,1998,77 years 05 months,590000,648 WOODLANDS RING RD,730648,1.43830310413041,103.801474036067
70136,2020-04,WOODLANDS,EXECUTIVE,412,WOODLANDS ST 41,07 TO 09,176,Apartment,1995,74 years 05 months,635000,412 WOODLANDS ST 41,730412,1.42814010815124,103.772821890569
70137,2020-04,WOODLANDS,EXECUTIVE,420,WOODLANDS ST 41,07 TO 09,176,Apartment,1995,74 years 07 months,630000,420 WOODLANDS ST 41,730420,1.42814009724191,103.774574393421
70138,2020-04,YISHUN,3 ROOM,777,YISHUN AVE 2,04 TO 06,64,Simplified,1987,66 years 01 month,250000,777 YISHUN AVE 2,760777,1.42201001071952,103.834333096102
70139,2020-04,YISHUN,3 ROOM,709,YISHUN AVE 5,01 TO 03,68,New Generation,1984,63 years 01 month,225000,709 YISHUN AVE 5,760709,1.4285690021208,103.827735428264
70140,2020-04,YISHUN,3 ROOM,704,YISHUN AVE 5,01 TO 03,68,New Generation,1984,62 years 09 months,245000,704 YISHUN AVE 5,760704,1.42923420821389,103.828880603195
70141,2020-04,YISHUN,3 ROOM,286,YISHUN AVE 6,10 TO 12,74,Model A,1987,66 years 04 months,250000,286 YISHUN AVE 6,760286,1.44003806856754,103.83874448007
70142,2020-04,YISHUN,3 ROOM,303,YISHUN CTRL,07 TO 09,74,Model A,1988,67 years 08 months,220000,303 YISHUN CTRL,760303,1.43026863874417,103.840067166013
70143,2020-04,YISHUN,3 ROOM,342B,YISHUN RING RD,07 TO 09,68,Premium Apartment,2016,94 years 10 months,320000,342B YISHUN RING RD,762342,1.43024596089696,103.844838329615
70144,2020-04,YISHUN,3 ROOM,136,YISHUN RING RD,01 TO 03,68,New Generation,1984,63 years 05 months,260000,136 YISHUN RING RD,760136,1.43203129125603,103.831436163973
70145,2020-04,YISHUN,3 ROOM,160,YISHUN ST 11,04 TO 06,67,New Generation,1985,64 years 06 months,270000,160 YISHUN ST 11,760160,1.43242172081036,103.833430136379
70146,2020-04,YISHUN,3 ROOM,124,YISHUN ST 11,07 TO 09,67,New Generation,1985,64 years 05 months,247000,124 YISHUN ST 11,760124,1.43459030044018,103.831139296919
70147,2020-04,YISHUN,3 ROOM,335A,YISHUN ST 31,07 TO 09,67,Model A,2015,94 years 08 months,312000,335A YISHUN ST 31,761335,1.43328052675083,103.844436750229
70148,2020-04,YISHUN,3 ROOM,456,YISHUN ST 41,07 TO 09,67,Model A,2013,92 years 05 months,300000,456 YISHUN ST 41,760456,1.42036919149233,103.844403667721
70149,2020-04,YISHUN,3 ROOM,505A,YISHUN ST 51,01 TO 03,68,Model A,2016,95 years,278000,505A YISHUN ST 51,761505,1.41884459566005,103.84482453185
70150,2020-04,YISHUN,3 ROOM,505B,YISHUN ST 51,07 TO 09,68,Model A,2016,94 years 11 months,296000,505B YISHUN ST 51,762505,1.41924161070524,103.844941652639
70151,2020-04,YISHUN,3 ROOM,748,YISHUN ST 72,04 TO 06,82,New Generation,1984,62 years 09 months,288888,748 YISHUN ST 72,760748,1.42751898239053,103.83345047935
70152,2020-04,YISHUN,3 ROOM,735,YISHUN ST 72,01 TO 03,67,New Generation,1985,63 years 10 months,248000,735 YISHUN ST 72,760735,1.42892493142687,103.83124139277
70153,2020-04,YISHUN,4 ROOM,428B,YISHUN AVE 11,10 TO 12,92,Model A,2015,94 years,400000,428B YISHUN AVE 11,762428,1.42207815400064,103.847233385196
70154,2020-04,YISHUN,4 ROOM,429A,YISHUN AVE 11,10 TO 12,92,Model A,2015,94 years 09 months,378000,429A YISHUN AVE 11,761429,1.42209731725453,103.849560369299
70155,2020-04,YISHUN,4 ROOM,663,YISHUN AVE 4,10 TO 12,85,Simplified,1987,66 years 06 months,300000,663 YISHUN AVE 4,760663,1.41988631262944,103.84005176953
70156,2020-04,YISHUN,4 ROOM,408,YISHUN AVE 6,04 TO 06,84,Simplified,1988,67 years 03 months,260000,408 YISHUN AVE 6,760408,1.42626632416059,103.848703212672
70157,2020-04,YISHUN,4 ROOM,250,YISHUN AVE 9,04 TO 06,84,Simplified,1985,64 years 02 months,290000,250 YISHUN AVE 9,760250,1.43553062556873,103.84167355912
70158,2020-04,YISHUN,4 ROOM,315A,YISHUN AVE 9,13 TO 15,92,Model A,2015,94 years 07 months,432000,315A YISHUN AVE 9,761315,1.43238385408312,103.842384119393
70159,2020-04,YISHUN,4 ROOM,303,YISHUN CTRL,01 TO 03,105,Model A,1988,67 years 08 months,355000,303 YISHUN CTRL,760303,1.43026863874417,103.840067166013
70160,2020-04,YISHUN,4 ROOM,452,YISHUN RING RD,04 TO 06,92,Model A,2012,91 years 05 months,383000,452 YISHUN RING RD,760452,1.42208264283536,103.84541571786
70161,2020-04,YISHUN,4 ROOM,808,YISHUN RING RD,04 TO 06,108,Model A,1987,66 years,418000,808 YISHUN RING RD,760808,1.41691452851313,103.830951775695
70162,2020-04,YISHUN,4 ROOM,333A,YISHUN ST 31,13 TO 15,92,Model A,2015,94 years 08 months,420000,333A YISHUN ST 31,761333,1.43193955083877,103.844987122713
70163,2020-04,YISHUN,4 ROOM,335B,YISHUN ST 31,01 TO 03,92,Model A,2015,94 years 08 months,375000,335B YISHUN ST 31,762335,1.43284184188975,103.844333075878
70164,2020-04,YISHUN,4 ROOM,333A,YISHUN ST 31,13 TO 15,92,Model A,2015,94 years 08 months,430000,333A YISHUN ST 31,761333,1.43193955083877,103.844987122713
70165,2020-04,YISHUN,4 ROOM,333A,YISHUN ST 31,04 TO 06,92,Model A,2015,94 years 08 months,400000,333A YISHUN ST 31,761333,1.43193955083877,103.844987122713
70166,2020-04,YISHUN,4 ROOM,334D,YISHUN ST 31,04 TO 06,92,Model A,2015,94 years 08 months,415000,334D YISHUN ST 31,764334,1.43241464963844,103.846517127438
70167,2020-04,YISHUN,4 ROOM,334D,YISHUN ST 31,13 TO 15,92,Model A,2015,94 years 08 months,402500,334D YISHUN ST 31,764334,1.43241464963844,103.846517127438
70168,2020-04,YISHUN,4 ROOM,334A,YISHUN ST 31,13 TO 15,92,Model A,2015,94 years 07 months,430000,334A YISHUN ST 31,761334,1.43290624174601,103.844695383831
70169,2020-04,YISHUN,4 ROOM,334B,YISHUN ST 31,10 TO 12,92,Model A,2015,94 years 07 months,398000,334B YISHUN ST 31,762334,1.4325330290687,103.845705616567
70170,2020-04,YISHUN,4 ROOM,642,YISHUN ST 61,04 TO 06,84,Simplified,1986,65 years 07 months,280000,642 YISHUN ST 61,760642,1.42097005451488,103.837446801202
70171,2020-04,YISHUN,4 ROOM,726,YISHUN ST 71,04 TO 06,104,Model A,1985,64 years 07 months,338000,726 YISHUN ST 71,760726,1.4265362136527,103.830668784342
70172,2020-04,YISHUN,5 ROOM,426D,YISHUN AVE 11,07 TO 09,112,Improved,2015,94 years,470888,426D YISHUN AVE 11,764426,1.42312201562129,103.84749822076
70173,2020-04,YISHUN,5 ROOM,348C,YISHUN AVE 11,04 TO 06,112,DBSS,2013,92 years 06 months,678000,348C YISHUN AVE 11,763348,1.42714143019714,103.84223128885
70174,2020-04,YISHUN,5 ROOM,426A,YISHUN AVE 11,10 TO 12,112,Improved,2015,94 years,492000,426A YISHUN AVE 11,761426,1.42308082717826,103.846419380158
70175,2020-04,YISHUN,5 ROOM,317A,YISHUN AVE 9,13 TO 15,112,Improved,2015,94 years 07 months,540000,317A YISHUN AVE 9,761317,1.43450592896688,103.843292004282
70176,2020-04,YISHUN,5 ROOM,315B,YISHUN AVE 9,07 TO 09,112,Improved,2015,94 years 07 months,542000,315B YISHUN AVE 9,762315,1.43193085614681,103.842565042895
70177,2020-04,YISHUN,5 ROOM,410,YISHUN RING RD,10 TO 12,122,Improved,1988,67 years 05 months,425000,410 YISHUN RING RD,760410,1.4263498262218,103.846574295234
70178,2020-04,YISHUN,5 ROOM,165,YISHUN RING RD,10 TO 12,128,Adjoined flat,1988,67 years 02 months,500000,165 YISHUN RING RD,760165,1.43577180513264,103.831783821967
70179,2020-04,YISHUN,5 ROOM,265,YISHUN ST 22,01 TO 03,122,Improved,1986,65 years 07 months,380000,265 YISHUN ST 22,760265,1.43653310907952,103.838677913372
70180,2020-04,YISHUN,5 ROOM,335C,YISHUN ST 31,10 TO 12,112,Improved,2015,94 years 08 months,525000,335C YISHUN ST 31,763335,1.43248777014111,103.844367368405
70181,2020-04,YISHUN,5 ROOM,335C,YISHUN ST 31,04 TO 06,112,Improved,2015,94 years 08 months,485000,335C YISHUN ST 31,763335,1.43248777014111,103.844367368405
70182,2020-04,YISHUN,5 ROOM,504B,YISHUN ST 51,07 TO 09,112,Improved,2016,95 years,520000,504B YISHUN ST 51,762504,1.41773318073336,103.84382441362
70183,2020-04,YISHUN,5 ROOM,504B,YISHUN ST 51,10 TO 12,113,Improved,2016,95 years,558000,504B YISHUN ST 51,762504,1.41773318073336,103.84382441362
70184,2020-04,YISHUN,5 ROOM,505B,YISHUN ST 51,04 TO 06,112,Improved,2016,94 years 11 months,500000,505B YISHUN ST 51,762505,1.41924161070524,103.844941652639
70185,2020-04,YISHUN,5 ROOM,504C,YISHUN ST 51,04 TO 06,112,Improved,2016,94 years 11 months,517000,504C YISHUN ST 51,763504,1.41796651351006,103.843458679904
70186,2020-04,YISHUN,5 ROOM,715,YISHUN ST 71,01 TO 03,122,Improved,1987,66 years 03 months,402000,715 YISHUN ST 71,760715,1.42638911318203,103.826910837812
70187,2020-04,YISHUN,5 ROOM,871,YISHUN ST 81,01 TO 03,122,Improved,1988,67 years,390000,871 YISHUN ST 81,760871,1.41312459328283,103.837421399007
70188,2020-04,YISHUN,EXECUTIVE,643,YISHUN ST 61,04 TO 06,146,Maisonette,1987,66 years 05 months,518000,643 YISHUN ST 61,760643,1.42133515867973,103.837436986724
70189,2020-04,YISHUN,EXECUTIVE,723,YISHUN ST 71,07 TO 09,146,Maisonette,1986,65 years 02 months,570000,723 YISHUN ST 71,760723,1.42601954522146,103.82993946372
